atc3_code,month_start,packages,year,month,month_index,packages_lag1,packages_lag2,packages_lag3,packages_lag12
A02B,2023-05-01,86,2023,5,5,62.0,31.0,0.0,
A02B,2023-06-01,56,2023,6,6,86.0,62.0,31.0,
A02B,2023-07-01,80,2023,7,7,56.0,86.0,62.0,
A02B,2023-08-01,87,2023,8,8,80.0,56.0,86.0,
A02B,2023-09-01,84,2023,9,9,87.0,80.0,56.0,
A02B,2023-10-01,91,2023,10,10,84.0,87.0,80.0,
A02B,2023-11-01,25,2023,11,11,91.0,84.0,87.0,
A02B,2023-12-01,34,2023,12,12,25.0,91.0,84.0,
A02B,2024-01-01,75,2024,1,13,34.0,25.0,91.0,
A02B,2024-02-01,89,2024,2,14,75.0,34.0,25.0,0.0
A02B,2024-03-01,87,2024,3,15,89.0,75.0,34.0,31.0
A02B,2024-04-01,69,2024,4,16,87.0,89.0,75.0,62.0
A02B,2024-05-01,76,2024,5,17,69.0,87.0,89.0,86.0
A02B,2024-06-01,64,2024,6,18,76.0,69.0,87.0,56.0
A02B,2024-07-01,65,2024,7,19,64.0,76.0,69.0,80.0
A02B,2024-08-01,96,2024,8,20,65.0,64.0,76.0,87.0
A02B,2024-09-01,98,2024,9,21,96.0,65.0,64.0,84.0
A02B,2024-10-01,67,2024,10,22,98.0,96.0,65.0,91.0
A02B,2024-11-01,82,2024,11,23,67.0,98.0,96.0,25.0
A02B,2024-12-01,55,2024,12,24,82.0,67.0,98.0,34.0
A02B,2025-01-01,9,2025,1,25,55.0,82.0,67.0,75.0
A03A,2023-05-01,5,2023,5,5,1.0,4.0,0.0,
A03A,2023-06-01,4,2023,6,6,5.0,1.0,4.0,
A03A,2023-07-01,2,2023,7,7,4.0,5.0,1.0,
A03A,2023-08-01,6,2023,8,8,2.0,4.0,5.0,
A03A,2023-09-01,6,2023,9,9,6.0,2.0,4.0,
A03A,2023-10-01,12,2023,10,10,6.0,6.0,2.0,
A03A,2023-11-01,1,2023,11,11,12.0,6.0,6.0,
A03A,2023-12-01,5,2023,12,12,1.0,12.0,6.0,
A03A,2024-01-01,5,2024,1,13,5.0,1.0,12.0,
A03A,2024-02-01,16,2024,2,14,5.0,5.0,1.0,0.0
A03A,2024-03-01,5,2024,3,15,16.0,5.0,5.0,4.0
A03A,2024-04-01,9,2024,4,16,5.0,16.0,5.0,1.0
A03A,2024-05-01,3,2024,5,17,9.0,5.0,16.0,5.0
A03A,2024-06-01,10,2024,6,18,3.0,9.0,5.0,4.0
A03A,2024-07-01,0,2024,7,19,10.0,3.0,9.0,2.0
A03A,2024-08-01,8,2024,8,20,0.0,10.0,3.0,6.0
A03A,2024-09-01,5,2024,9,21,8.0,0.0,10.0,6.0
A03A,2024-10-01,1,2024,10,22,5.0,8.0,0.0,12.0
A03A,2024-11-01,3,2024,11,23,1.0,5.0,8.0,1.0
A03A,2024-12-01,3,2024,12,24,3.0,1.0,5.0,5.0
A03A,2025-01-01,0,2025,1,25,3.0,3.0,1.0,5.0
A03F,2023-05-01,2,2023,5,5,3.0,1.0,0.0,
A03F,2023-06-01,1,2023,6,6,2.0,3.0,1.0,
A03F,2023-07-01,2,2023,7,7,1.0,2.0,3.0,
A03F,2023-08-01,4,2023,8,8,2.0,1.0,2.0,
A03F,2023-09-01,5,2023,9,9,4.0,2.0,1.0,
A03F,2023-10-01,4,2023,10,10,5.0,4.0,2.0,
A03F,2023-11-01,0,2023,11,11,4.0,5.0,4.0,
A03F,2023-12-01,0,2023,12,12,0.0,4.0,5.0,
A03F,2024-01-01,1,2024,1,13,0.0,0.0,4.0,
A03F,2024-02-01,6,2024,2,14,1.0,0.0,0.0,0.0
A03F,2024-03-01,5,2024,3,15,6.0,1.0,0.0,1.0
A03F,2024-04-01,0,2024,4,16,5.0,6.0,1.0,3.0
A03F,2024-05-01,5,2024,5,17,0.0,5.0,6.0,2.0
A03F,2024-06-01,2,2024,6,18,5.0,0.0,5.0,1.0
A03F,2024-07-01,1,2024,7,19,2.0,5.0,0.0,2.0
A03F,2024-08-01,2,2024,8,20,1.0,2.0,5.0,4.0
A03F,2024-09-01,1,2024,9,21,2.0,1.0,2.0,5.0
A03F,2024-10-01,1,2024,10,22,1.0,2.0,1.0,4.0
A03F,2024-11-01,2,2024,11,23,1.0,1.0,2.0,0.0
A03F,2024-12-01,0,2024,12,24,2.0,1.0,1.0,0.0
A03F,2025-01-01,0,2025,1,25,0.0,2.0,1.0,1.0
A10A,2023-05-01,12,2023,5,5,2.0,1.0,0.0,
A10A,2023-06-01,16,2023,6,6,12.0,2.0,1.0,
A10A,2023-07-01,14,2023,7,7,16.0,12.0,2.0,
A10A,2023-08-01,3,2023,8,8,14.0,16.0,12.0,
A10A,2023-09-01,10,2023,9,9,3.0,14.0,16.0,
A10A,2023-10-01,12,2023,10,10,10.0,3.0,14.0,
A10A,2023-11-01,1,2023,11,11,12.0,10.0,3.0,
A10A,2023-12-01,0,2023,12,12,1.0,12.0,10.0,
A10A,2024-01-01,16,2024,1,13,0.0,1.0,12.0,
A10A,2024-02-01,19,2024,2,14,16.0,0.0,1.0,0.0
A10A,2024-03-01,7,2024,3,15,19.0,16.0,0.0,1.0
A10A,2024-04-01,10,2024,4,16,7.0,19.0,16.0,2.0
A10A,2024-05-01,3,2024,5,17,10.0,7.0,19.0,12.0
A10A,2024-06-01,14,2024,6,18,3.0,10.0,7.0,16.0
A10A,2024-07-01,0,2024,7,19,14.0,3.0,10.0,14.0
A10A,2024-08-01,2,2024,8,20,0.0,14.0,3.0,3.0
A10A,2024-09-01,4,2024,9,21,2.0,0.0,14.0,10.0
A10A,2024-10-01,10,2024,10,22,4.0,2.0,0.0,12.0
A10A,2024-11-01,11,2024,11,23,10.0,4.0,2.0,1.0
A10A,2024-12-01,20,2024,12,24,11.0,10.0,4.0,0.0
A10A,2025-01-01,0,2025,1,25,20.0,11.0,10.0,16.0
A10B,2023-05-01,19,2023,5,5,6.0,4.0,0.0,
A10B,2023-06-01,38,2023,6,6,19.0,6.0,4.0,
A10B,2023-07-01,14,2023,7,7,38.0,19.0,6.0,
A10B,2023-08-01,38,2023,8,8,14.0,38.0,19.0,
A10B,2023-09-01,44,2023,9,9,38.0,14.0,38.0,
A10B,2023-10-01,16,2023,10,10,44.0,38.0,14.0,
A10B,2023-11-01,8,2023,11,11,16.0,44.0,38.0,
A10B,2023-12-01,12,2023,12,12,8.0,16.0,44.0,
A10B,2024-01-01,41,2024,1,13,12.0,8.0,16.0,
A10B,2024-02-01,38,2024,2,14,41.0,12.0,8.0,0.0
A10B,2024-03-01,37,2024,3,15,38.0,41.0,12.0,4.0
A10B,2024-04-01,42,2024,4,16,37.0,38.0,41.0,6.0
A10B,2024-05-01,34,2024,5,17,42.0,37.0,38.0,19.0
A10B,2024-06-01,44,2024,6,18,34.0,42.0,37.0,38.0
A10B,2024-07-01,28,2024,7,19,44.0,34.0,42.0,14.0
A10B,2024-08-01,49,2024,8,20,28.0,44.0,34.0,38.0
A10B,2024-09-01,36,2024,9,21,49.0,28.0,44.0,44.0
A10B,2024-10-01,40,2024,10,22,36.0,49.0,28.0,16.0
A10B,2024-11-01,47,2024,11,23,40.0,36.0,49.0,8.0
A10B,2024-12-01,33,2024,12,24,47.0,40.0,36.0,12.0
A10B,2025-01-01,0,2025,1,25,33.0,47.0,40.0,41.0
A11C,2023-05-01,18,2023,5,5,5.0,2.0,1.0,
A11C,2023-06-01,4,2023,6,6,18.0,5.0,2.0,
A11C,2023-07-01,9,2023,7,7,4.0,18.0,5.0,
A11C,2023-08-01,7,2023,8,8,9.0,4.0,18.0,
A11C,2023-09-01,16,2023,9,9,7.0,9.0,4.0,
A11C,2023-10-01,12,2023,10,10,16.0,7.0,9.0,
A11C,2023-11-01,4,2023,11,11,12.0,16.0,7.0,
A11C,2023-12-01,7,2023,12,12,4.0,12.0,16.0,
A11C,2024-01-01,16,2024,1,13,7.0,4.0,12.0,
A11C,2024-02-01,19,2024,2,14,16.0,7.0,4.0,1.0
A11C,2024-03-01,16,2024,3,15,19.0,16.0,7.0,2.0
A11C,2024-04-01,25,2024,4,16,16.0,19.0,16.0,5.0
A11C,2024-05-01,8,2024,5,17,25.0,16.0,19.0,18.0
A11C,2024-06-01,10,2024,6,18,8.0,25.0,16.0,4.0
A11C,2024-07-01,4,2024,7,19,10.0,8.0,25.0,9.0
A11C,2024-08-01,11,2024,8,20,4.0,10.0,8.0,7.0
A11C,2024-09-01,12,2024,9,21,11.0,4.0,10.0,16.0
A11C,2024-10-01,13,2024,10,22,12.0,11.0,4.0,12.0
A11C,2024-11-01,13,2024,11,23,13.0,12.0,11.0,4.0
A11C,2024-12-01,9,2024,12,24,13.0,13.0,12.0,7.0
A11C,2025-01-01,0,2025,1,25,9.0,13.0,13.0,16.0
A11D,2023-05-01,7,2023,5,5,2.0,1.0,0.0,
A11D,2023-06-01,0,2023,6,6,7.0,2.0,1.0,
A11D,2023-07-01,3,2023,7,7,0.0,7.0,2.0,
A11D,2023-08-01,2,2023,8,8,3.0,0.0,7.0,
A11D,2023-09-01,4,2023,9,9,2.0,3.0,0.0,
A11D,2023-10-01,12,2023,10,10,4.0,2.0,3.0,
A11D,2023-11-01,2,2023,11,11,12.0,4.0,2.0,
A11D,2023-12-01,0,2023,12,12,2.0,12.0,4.0,
A11D,2024-01-01,3,2024,1,13,0.0,2.0,12.0,
A11D,2024-02-01,2,2024,2,14,3.0,0.0,2.0,0.0
A11D,2024-03-01,2,2024,3,15,2.0,3.0,0.0,1.0
A11D,2024-04-01,3,2024,4,16,2.0,2.0,3.0,2.0
A11D,2024-05-01,2,2024,5,17,3.0,2.0,2.0,7.0
A11D,2024-06-01,2,2024,6,18,2.0,3.0,2.0,0.0
A11D,2024-07-01,3,2024,7,19,2.0,2.0,3.0,3.0
A11D,2024-08-01,4,2024,8,20,3.0,2.0,2.0,2.0
A11D,2024-09-01,7,2024,9,21,4.0,3.0,2.0,4.0
A11D,2024-10-01,11,2024,10,22,7.0,4.0,3.0,12.0
A11D,2024-11-01,2,2024,11,23,11.0,7.0,4.0,2.0
A11D,2024-12-01,1,2024,12,24,2.0,11.0,7.0,0.0
A11D,2025-01-01,0,2025,1,25,1.0,2.0,11.0,3.0
A12A,2023-05-01,14,2023,5,5,1.0,0.0,0.0,
A12A,2023-06-01,1,2023,6,6,14.0,1.0,0.0,
A12A,2023-07-01,6,2023,7,7,1.0,14.0,1.0,
A12A,2023-08-01,8,2023,8,8,6.0,1.0,14.0,
A12A,2023-09-01,14,2023,9,9,8.0,6.0,1.0,
A12A,2023-10-01,3,2023,10,10,14.0,8.0,6.0,
A12A,2023-11-01,4,2023,11,11,3.0,14.0,8.0,
A12A,2023-12-01,1,2023,12,12,4.0,3.0,14.0,
A12A,2024-01-01,9,2024,1,13,1.0,4.0,3.0,
A12A,2024-02-01,7,2024,2,14,9.0,1.0,4.0,0.0
A12A,2024-03-01,6,2024,3,15,7.0,9.0,1.0,0.0
A12A,2024-04-01,13,2024,4,16,6.0,7.0,9.0,1.0
A12A,2024-05-01,10,2024,5,17,13.0,6.0,7.0,14.0
A12A,2024-06-01,7,2024,6,18,10.0,13.0,6.0,1.0
A12A,2024-07-01,2,2024,7,19,7.0,10.0,13.0,6.0
A12A,2024-08-01,10,2024,8,20,2.0,7.0,10.0,8.0
A12A,2024-09-01,7,2024,9,21,10.0,2.0,7.0,14.0
A12A,2024-10-01,4,2024,10,22,7.0,10.0,2.0,3.0
A12A,2024-11-01,6,2024,11,23,4.0,7.0,10.0,4.0
A12A,2024-12-01,2,2024,12,24,6.0,4.0,7.0,1.0
A12A,2025-01-01,0,2025,1,25,2.0,6.0,4.0,9.0
A12B,2023-05-01,6,2023,5,5,8.0,3.0,0.0,
A12B,2023-06-01,6,2023,6,6,6.0,8.0,3.0,
A12B,2023-07-01,4,2023,7,7,6.0,6.0,8.0,
A12B,2023-08-01,5,2023,8,8,4.0,6.0,6.0,
A12B,2023-09-01,6,2023,9,9,5.0,4.0,6.0,
A12B,2023-10-01,4,2023,10,10,6.0,5.0,4.0,
A12B,2023-11-01,2,2023,11,11,4.0,6.0,5.0,
A12B,2023-12-01,3,2023,12,12,2.0,4.0,6.0,
A12B,2024-01-01,7,2024,1,13,3.0,2.0,4.0,
A12B,2024-02-01,5,2024,2,14,7.0,3.0,2.0,0.0
A12B,2024-03-01,5,2024,3,15,5.0,7.0,3.0,3.0
A12B,2024-04-01,3,2024,4,16,5.0,5.0,7.0,8.0
A12B,2024-05-01,5,2024,5,17,3.0,5.0,5.0,6.0
A12B,2024-06-01,16,2024,6,18,5.0,3.0,5.0,6.0
A12B,2024-07-01,11,2024,7,19,16.0,5.0,3.0,4.0
A12B,2024-08-01,3,2024,8,20,11.0,16.0,5.0,5.0
A12B,2024-09-01,9,2024,9,21,3.0,11.0,16.0,6.0
A12B,2024-10-01,4,2024,10,22,9.0,3.0,11.0,4.0
A12B,2024-11-01,5,2024,11,23,4.0,9.0,3.0,2.0
A12B,2024-12-01,4,2024,12,24,5.0,4.0,9.0,3.0
A12B,2025-01-01,0,2025,1,25,4.0,5.0,4.0,7.0
A12C,2023-05-01,1,2023,5,5,1.0,0.0,0.0,
A12C,2023-06-01,4,2023,6,6,1.0,1.0,0.0,
A12C,2023-07-01,3,2023,7,7,4.0,1.0,1.0,
A12C,2023-08-01,10,2023,8,8,3.0,4.0,1.0,
A12C,2023-09-01,7,2023,9,9,10.0,3.0,4.0,
A12C,2023-10-01,4,2023,10,10,7.0,10.0,3.0,
A12C,2023-11-01,2,2023,11,11,4.0,7.0,10.0,
A12C,2023-12-01,0,2023,12,12,2.0,4.0,7.0,
A12C,2024-01-01,2,2024,1,13,0.0,2.0,4.0,
A12C,2024-02-01,4,2024,2,14,2.0,0.0,2.0,0.0
A12C,2024-03-01,4,2024,3,15,4.0,2.0,0.0,0.0
A12C,2024-04-01,5,2024,4,16,4.0,4.0,2.0,1.0
A12C,2024-05-01,5,2024,5,17,5.0,4.0,4.0,1.0
A12C,2024-06-01,3,2024,6,18,5.0,5.0,4.0,4.0
A12C,2024-07-01,3,2024,7,19,3.0,5.0,5.0,3.0
A12C,2024-08-01,2,2024,8,20,3.0,3.0,5.0,10.0
A12C,2024-09-01,5,2024,9,21,2.0,3.0,3.0,7.0
A12C,2024-10-01,0,2024,10,22,5.0,2.0,3.0,4.0
A12C,2024-11-01,5,2024,11,23,0.0,5.0,2.0,2.0
A12C,2024-12-01,2,2024,12,24,5.0,0.0,5.0,0.0
A12C,2025-01-01,0,2025,1,25,2.0,5.0,0.0,2.0
A16A,2023-05-01,1,2023,5,5,1.0,2.0,0.0,
A16A,2023-06-01,0,2023,6,6,1.0,1.0,2.0,
A16A,2023-07-01,3,2023,7,7,0.0,1.0,1.0,
A16A,2023-08-01,3,2023,8,8,3.0,0.0,1.0,
A16A,2023-09-01,8,2023,9,9,3.0,3.0,0.0,
A16A,2023-10-01,4,2023,10,10,8.0,3.0,3.0,
A16A,2023-11-01,0,2023,11,11,4.0,8.0,3.0,
A16A,2023-12-01,0,2023,12,12,0.0,4.0,8.0,
A16A,2024-01-01,5,2024,1,13,0.0,0.0,4.0,
A16A,2024-02-01,7,2024,2,14,5.0,0.0,0.0,0.0
A16A,2024-03-01,4,2024,3,15,7.0,5.0,0.0,2.0
A16A,2024-04-01,5,2024,4,16,4.0,7.0,5.0,1.0
A16A,2024-05-01,3,2024,5,17,5.0,4.0,7.0,1.0
A16A,2024-06-01,3,2024,6,18,3.0,5.0,4.0,0.0
A16A,2024-07-01,8,2024,7,19,3.0,3.0,5.0,3.0
A16A,2024-08-01,1,2024,8,20,8.0,3.0,3.0,3.0
A16A,2024-09-01,4,2024,9,21,1.0,8.0,3.0,8.0
A16A,2024-10-01,2,2024,10,22,4.0,1.0,8.0,4.0
A16A,2024-11-01,4,2024,11,23,2.0,4.0,1.0,0.0
A16A,2024-12-01,9,2024,12,24,4.0,2.0,4.0,0.0
A16A,2025-01-01,0,2025,1,25,9.0,4.0,2.0,5.0
B01A,2023-05-01,48,2023,5,5,40.0,15.0,0.0,
B01A,2023-06-01,52,2023,6,6,48.0,40.0,15.0,
B01A,2023-07-01,50,2023,7,7,52.0,48.0,40.0,
B01A,2023-08-01,60,2023,8,8,50.0,52.0,48.0,
B01A,2023-09-01,75,2023,9,9,60.0,50.0,52.0,
B01A,2023-10-01,70,2023,10,10,75.0,60.0,50.0,
B01A,2023-11-01,13,2023,11,11,70.0,75.0,60.0,
B01A,2023-12-01,15,2023,12,12,13.0,70.0,75.0,
B01A,2024-01-01,69,2024,1,13,15.0,13.0,70.0,
B01A,2024-02-01,59,2024,2,14,69.0,15.0,13.0,0.0
B01A,2024-03-01,46,2024,3,15,59.0,69.0,15.0,15.0
B01A,2024-04-01,57,2024,4,16,46.0,59.0,69.0,40.0
B01A,2024-05-01,55,2024,5,17,57.0,46.0,59.0,48.0
B01A,2024-06-01,62,2024,6,18,55.0,57.0,46.0,52.0
B01A,2024-07-01,28,2024,7,19,62.0,55.0,57.0,50.0
B01A,2024-08-01,48,2024,8,20,28.0,62.0,55.0,60.0
B01A,2024-09-01,64,2024,9,21,48.0,28.0,62.0,75.0
B01A,2024-10-01,73,2024,10,22,64.0,48.0,28.0,70.0
B01A,2024-11-01,37,2024,11,23,73.0,64.0,48.0,13.0
B01A,2024-12-01,39,2024,12,24,37.0,73.0,64.0,15.0
B01A,2025-01-01,1,2025,1,25,39.0,37.0,73.0,69.0
B03A,2023-05-01,7,2023,5,5,6.0,0.0,0.0,
B03A,2023-06-01,1,2023,6,6,7.0,6.0,0.0,
B03A,2023-07-01,3,2023,7,7,1.0,7.0,6.0,
B03A,2023-08-01,2,2023,8,8,3.0,1.0,7.0,
B03A,2023-09-01,1,2023,9,9,2.0,3.0,1.0,
B03A,2023-10-01,1,2023,10,10,1.0,2.0,3.0,
B03A,2023-11-01,2,2023,11,11,1.0,1.0,2.0,
B03A,2023-12-01,2,2023,12,12,2.0,1.0,1.0,
B03A,2024-01-01,6,2024,1,13,2.0,2.0,1.0,
B03A,2024-02-01,2,2024,2,14,6.0,2.0,2.0,0.0
B03A,2024-03-01,4,2024,3,15,2.0,6.0,2.0,0.0
B03A,2024-04-01,3,2024,4,16,4.0,2.0,6.0,6.0
B03A,2024-05-01,3,2024,5,17,3.0,4.0,2.0,7.0
B03A,2024-06-01,6,2024,6,18,3.0,3.0,4.0,1.0
B03A,2024-07-01,5,2024,7,19,6.0,3.0,3.0,3.0
B03A,2024-08-01,8,2024,8,20,5.0,6.0,3.0,2.0
B03A,2024-09-01,4,2024,9,21,8.0,5.0,6.0,1.0
B03A,2024-10-01,6,2024,10,22,4.0,8.0,5.0,1.0
B03A,2024-11-01,5,2024,11,23,6.0,4.0,8.0,2.0
B03A,2024-12-01,1,2024,12,24,5.0,6.0,4.0,2.0
B03A,2025-01-01,0,2025,1,25,1.0,5.0,6.0,6.0
C01D,2023-05-01,19,2023,5,5,1.0,6.0,0.0,
C01D,2023-06-01,11,2023,6,6,19.0,1.0,6.0,
C01D,2023-07-01,5,2023,7,7,11.0,19.0,1.0,
C01D,2023-08-01,6,2023,8,8,5.0,11.0,19.0,
C01D,2023-09-01,16,2023,9,9,6.0,5.0,11.0,
C01D,2023-10-01,17,2023,10,10,16.0,6.0,5.0,
C01D,2023-11-01,2,2023,11,11,17.0,16.0,6.0,
C01D,2023-12-01,4,2023,12,12,2.0,17.0,16.0,
C01D,2024-01-01,10,2024,1,13,4.0,2.0,17.0,
C01D,2024-02-01,24,2024,2,14,10.0,4.0,2.0,0.0
C01D,2024-03-01,13,2024,3,15,24.0,10.0,4.0,6.0
C01D,2024-04-01,20,2024,4,16,13.0,24.0,10.0,1.0
C01D,2024-05-01,10,2024,5,17,20.0,13.0,24.0,19.0
C01D,2024-06-01,18,2024,6,18,10.0,20.0,13.0,11.0
C01D,2024-07-01,5,2024,7,19,18.0,10.0,20.0,5.0
C01D,2024-08-01,8,2024,8,20,5.0,18.0,10.0,6.0
C01D,2024-09-01,11,2024,9,21,8.0,5.0,18.0,16.0
C01D,2024-10-01,3,2024,10,22,11.0,8.0,5.0,17.0
C01D,2024-11-01,5,2024,11,23,3.0,11.0,8.0,2.0
C01D,2024-12-01,6,2024,12,24,5.0,3.0,11.0,4.0
C01D,2025-01-01,0,2025,1,25,6.0,5.0,3.0,10.0
C01E,2023-05-01,9,2023,5,5,10.0,6.0,0.0,
C01E,2023-06-01,7,2023,6,6,9.0,10.0,6.0,
C01E,2023-07-01,10,2023,7,7,7.0,9.0,10.0,
C01E,2023-08-01,13,2023,8,8,10.0,7.0,9.0,
C01E,2023-09-01,15,2023,9,9,13.0,10.0,7.0,
C01E,2023-10-01,23,2023,10,10,15.0,13.0,10.0,
C01E,2023-11-01,2,2023,11,11,23.0,15.0,13.0,
C01E,2023-12-01,7,2023,12,12,2.0,23.0,15.0,
C01E,2024-01-01,12,2024,1,13,7.0,2.0,23.0,
C01E,2024-02-01,4,2024,2,14,12.0,7.0,2.0,0.0
C01E,2024-03-01,9,2024,3,15,4.0,12.0,7.0,6.0
C01E,2024-04-01,27,2024,4,16,9.0,4.0,12.0,10.0
C01E,2024-05-01,13,2024,5,17,27.0,9.0,4.0,9.0
C01E,2024-06-01,22,2024,6,18,13.0,27.0,9.0,7.0
C01E,2024-07-01,9,2024,7,19,22.0,13.0,27.0,10.0
C01E,2024-08-01,6,2024,8,20,9.0,22.0,13.0,13.0
C01E,2024-09-01,20,2024,9,21,6.0,9.0,22.0,15.0
C01E,2024-10-01,14,2024,10,22,20.0,6.0,9.0,23.0
C01E,2024-11-01,14,2024,11,23,14.0,20.0,6.0,2.0
C01E,2024-12-01,5,2024,12,24,14.0,14.0,20.0,7.0
C01E,2025-01-01,0,2025,1,25,5.0,14.0,14.0,12.0
C02A,2023-05-01,15,2023,5,5,2.0,5.0,0.0,
C02A,2023-06-01,16,2023,6,6,15.0,2.0,5.0,
C02A,2023-07-01,9,2023,7,7,16.0,15.0,2.0,
C02A,2023-08-01,12,2023,8,8,9.0,16.0,15.0,
C02A,2023-09-01,3,2023,9,9,12.0,9.0,16.0,
C02A,2023-10-01,3,2023,10,10,3.0,12.0,9.0,
C02A,2023-11-01,2,2023,11,11,3.0,3.0,12.0,
C02A,2023-12-01,1,2023,12,12,2.0,3.0,3.0,
C02A,2024-01-01,6,2024,1,13,1.0,2.0,3.0,
C02A,2024-02-01,10,2024,2,14,6.0,1.0,2.0,0.0
C02A,2024-03-01,3,2024,3,15,10.0,6.0,1.0,5.0
C02A,2024-04-01,21,2024,4,16,3.0,10.0,6.0,2.0
C02A,2024-05-01,6,2024,5,17,21.0,3.0,10.0,15.0
C02A,2024-06-01,10,2024,6,18,6.0,21.0,3.0,16.0
C02A,2024-07-01,1,2024,7,19,10.0,6.0,21.0,9.0
C02A,2024-08-01,9,2024,8,20,1.0,10.0,6.0,12.0
C02A,2024-09-01,16,2024,9,21,9.0,1.0,10.0,3.0
C02A,2024-10-01,10,2024,10,22,16.0,9.0,1.0,3.0
C02A,2024-11-01,14,2024,11,23,10.0,16.0,9.0,2.0
C02A,2024-12-01,5,2024,12,24,14.0,10.0,16.0,1.0
C02A,2025-01-01,0,2025,1,25,5.0,14.0,10.0,6.0
C02C,2023-05-01,2,2023,5,5,4.0,1.0,0.0,
C02C,2023-06-01,6,2023,6,6,2.0,4.0,1.0,
C02C,2023-07-01,6,2023,7,7,6.0,2.0,4.0,
C02C,2023-08-01,4,2023,8,8,6.0,6.0,2.0,
C02C,2023-09-01,10,2023,9,9,4.0,6.0,6.0,
C02C,2023-10-01,4,2023,10,10,10.0,4.0,6.0,
C02C,2023-11-01,1,2023,11,11,4.0,10.0,4.0,
C02C,2023-12-01,3,2023,12,12,1.0,4.0,10.0,
C02C,2024-01-01,2,2024,1,13,3.0,1.0,4.0,
C02C,2024-02-01,4,2024,2,14,2.0,3.0,1.0,0.0
C02C,2024-03-01,1,2024,3,15,4.0,2.0,3.0,1.0
C02C,2024-04-01,7,2024,4,16,1.0,4.0,2.0,4.0
C02C,2024-05-01,3,2024,5,17,7.0,1.0,4.0,2.0
C02C,2024-06-01,10,2024,6,18,3.0,7.0,1.0,6.0
C02C,2024-07-01,10,2024,7,19,10.0,3.0,7.0,6.0
C02C,2024-08-01,1,2024,8,20,10.0,10.0,3.0,4.0
C02C,2024-09-01,4,2024,9,21,1.0,10.0,10.0,10.0
C02C,2024-10-01,4,2024,10,22,4.0,1.0,10.0,4.0
C02C,2024-11-01,1,2024,11,23,4.0,4.0,1.0,1.0
C02C,2024-12-01,6,2024,12,24,1.0,4.0,4.0,3.0
C02C,2025-01-01,0,2025,1,25,6.0,1.0,4.0,2.0
C03B,2023-05-01,6,2023,5,5,0.0,2.0,0.0,
C03B,2023-06-01,3,2023,6,6,6.0,0.0,2.0,
C03B,2023-07-01,5,2023,7,7,3.0,6.0,0.0,
C03B,2023-08-01,3,2023,8,8,5.0,3.0,6.0,
C03B,2023-09-01,5,2023,9,9,3.0,5.0,3.0,
C03B,2023-10-01,4,2023,10,10,5.0,3.0,5.0,
C03B,2023-11-01,2,2023,11,11,4.0,5.0,3.0,
C03B,2023-12-01,1,2023,12,12,2.0,4.0,5.0,
C03B,2024-01-01,2,2024,1,13,1.0,2.0,4.0,
C03B,2024-02-01,8,2024,2,14,2.0,1.0,2.0,0.0
C03B,2024-03-01,1,2024,3,15,8.0,2.0,1.0,2.0
C03B,2024-04-01,11,2024,4,16,1.0,8.0,2.0,0.0
C03B,2024-05-01,8,2024,5,17,11.0,1.0,8.0,6.0
C03B,2024-06-01,17,2024,6,18,8.0,11.0,1.0,3.0
C03B,2024-07-01,4,2024,7,19,17.0,8.0,11.0,5.0
C03B,2024-08-01,10,2024,8,20,4.0,17.0,8.0,3.0
C03B,2024-09-01,6,2024,9,21,10.0,4.0,17.0,5.0
C03B,2024-10-01,5,2024,10,22,6.0,10.0,4.0,4.0
C03B,2024-11-01,8,2024,11,23,5.0,6.0,10.0,2.0
C03B,2024-12-01,1,2024,12,24,8.0,5.0,6.0,1.0
C03B,2025-01-01,0,2025,1,25,1.0,8.0,5.0,2.0
C03C,2023-05-01,16,2023,5,5,8.0,5.0,0.0,
C03C,2023-06-01,10,2023,6,6,16.0,8.0,5.0,
C03C,2023-07-01,8,2023,7,7,10.0,16.0,8.0,
C03C,2023-08-01,11,2023,8,8,8.0,10.0,16.0,
C03C,2023-09-01,7,2023,9,9,11.0,8.0,10.0,
C03C,2023-10-01,8,2023,10,10,7.0,11.0,8.0,
C03C,2023-11-01,3,2023,11,11,8.0,7.0,11.0,
C03C,2023-12-01,2,2023,12,12,3.0,8.0,7.0,
C03C,2024-01-01,12,2024,1,13,2.0,3.0,8.0,
C03C,2024-02-01,14,2024,2,14,12.0,2.0,3.0,0.0
C03C,2024-03-01,10,2024,3,15,14.0,12.0,2.0,5.0
C03C,2024-04-01,12,2024,4,16,10.0,14.0,12.0,8.0
C03C,2024-05-01,6,2024,5,17,12.0,10.0,14.0,16.0
C03C,2024-06-01,33,2024,6,18,6.0,12.0,10.0,10.0
C03C,2024-07-01,9,2024,7,19,33.0,6.0,12.0,8.0
C03C,2024-08-01,3,2024,8,20,9.0,33.0,6.0,11.0
C03C,2024-09-01,8,2024,9,21,3.0,9.0,33.0,7.0
C03C,2024-10-01,13,2024,10,22,8.0,3.0,9.0,8.0
C03C,2024-11-01,8,2024,11,23,13.0,8.0,3.0,3.0
C03C,2024-12-01,12,2024,12,24,8.0,13.0,8.0,2.0
C03C,2025-01-01,0,2025,1,25,12.0,8.0,13.0,12.0
C03D,2023-05-01,8,2023,5,5,9.0,3.0,0.0,
C03D,2023-06-01,2,2023,6,6,8.0,9.0,3.0,
C03D,2023-07-01,4,2023,7,7,2.0,8.0,9.0,
C03D,2023-08-01,6,2023,8,8,4.0,2.0,8.0,
C03D,2023-09-01,9,2023,9,9,6.0,4.0,2.0,
C03D,2023-10-01,12,2023,10,10,9.0,6.0,4.0,
C03D,2023-11-01,1,2023,11,11,12.0,9.0,6.0,
C03D,2023-12-01,0,2023,12,12,1.0,12.0,9.0,
C03D,2024-01-01,9,2024,1,13,0.0,1.0,12.0,
C03D,2024-02-01,2,2024,2,14,9.0,0.0,1.0,0.0
C03D,2024-03-01,1,2024,3,15,2.0,9.0,0.0,3.0
C03D,2024-04-01,10,2024,4,16,1.0,2.0,9.0,9.0
C03D,2024-05-01,8,2024,5,17,10.0,1.0,2.0,8.0
C03D,2024-06-01,12,2024,6,18,8.0,10.0,1.0,2.0
C03D,2024-07-01,5,2024,7,19,12.0,8.0,10.0,4.0
C03D,2024-08-01,9,2024,8,20,5.0,12.0,8.0,6.0
C03D,2024-09-01,21,2024,9,21,9.0,5.0,12.0,9.0
C03D,2024-10-01,3,2024,10,22,21.0,9.0,5.0,12.0
C03D,2024-11-01,9,2024,11,23,3.0,21.0,9.0,1.0
C03D,2024-12-01,9,2024,12,24,9.0,3.0,21.0,0.0
C03D,2025-01-01,0,2025,1,25,9.0,9.0,3.0,9.0
C04A,2023-05-01,9,2023,5,5,2.0,0.0,0.0,
C04A,2023-06-01,4,2023,6,6,9.0,2.0,0.0,
C04A,2023-07-01,9,2023,7,7,4.0,9.0,2.0,
C04A,2023-08-01,3,2023,8,8,9.0,4.0,9.0,
C04A,2023-09-01,9,2023,9,9,3.0,9.0,4.0,
C04A,2023-10-01,2,2023,10,10,9.0,3.0,9.0,
C04A,2023-11-01,3,2023,11,11,2.0,9.0,3.0,
C04A,2023-12-01,1,2023,12,12,3.0,2.0,9.0,
C04A,2024-01-01,5,2024,1,13,1.0,3.0,2.0,
C04A,2024-02-01,5,2024,2,14,5.0,1.0,3.0,0.0
C04A,2024-03-01,2,2024,3,15,5.0,5.0,1.0,0.0
C04A,2024-04-01,10,2024,4,16,2.0,5.0,5.0,2.0
C04A,2024-05-01,9,2024,5,17,10.0,2.0,5.0,9.0
C04A,2024-06-01,5,2024,6,18,9.0,10.0,2.0,4.0
C04A,2024-07-01,1,2024,7,19,5.0,9.0,10.0,9.0
C04A,2024-08-01,4,2024,8,20,1.0,5.0,9.0,3.0
C04A,2024-09-01,10,2024,9,21,4.0,1.0,5.0,9.0
C04A,2024-10-01,4,2024,10,22,10.0,4.0,1.0,2.0
C04A,2024-11-01,2,2024,11,23,4.0,10.0,4.0,3.0
C04A,2024-12-01,1,2024,12,24,2.0,4.0,10.0,1.0
C04A,2025-01-01,0,2025,1,25,1.0,2.0,4.0,5.0
C07A,2023-05-01,69,2023,5,5,32.0,35.0,0.0,
C07A,2023-06-01,70,2023,6,6,69.0,32.0,35.0,
C07A,2023-07-01,54,2023,7,7,70.0,69.0,32.0,
C07A,2023-08-01,74,2023,8,8,54.0,70.0,69.0,
C07A,2023-09-01,75,2023,9,9,74.0,54.0,70.0,
C07A,2023-10-01,76,2023,10,10,75.0,74.0,54.0,
C07A,2023-11-01,17,2023,11,11,76.0,75.0,74.0,
C07A,2023-12-01,30,2023,12,12,17.0,76.0,75.0,
C07A,2024-01-01,66,2024,1,13,30.0,17.0,76.0,
C07A,2024-02-01,89,2024,2,14,66.0,30.0,17.0,0.0
C07A,2024-03-01,87,2024,3,15,89.0,66.0,30.0,35.0
C07A,2024-04-01,78,2024,4,16,87.0,89.0,66.0,32.0
C07A,2024-05-01,69,2024,5,17,78.0,87.0,89.0,69.0
C07A,2024-06-01,84,2024,6,18,69.0,78.0,87.0,70.0
C07A,2024-07-01,72,2024,7,19,84.0,69.0,78.0,54.0
C07A,2024-08-01,71,2024,8,20,72.0,84.0,69.0,74.0
C07A,2024-09-01,98,2024,9,21,71.0,72.0,84.0,75.0
C07A,2024-10-01,63,2024,10,22,98.0,71.0,72.0,76.0
C07A,2024-11-01,78,2024,11,23,63.0,98.0,71.0,17.0
C07A,2024-12-01,72,2024,12,24,78.0,63.0,98.0,30.0
C07A,2025-01-01,3,2025,1,25,72.0,78.0,63.0,66.0
C08C,2023-05-01,21,2023,5,5,12.0,16.0,0.0,
C08C,2023-06-01,32,2023,6,6,21.0,12.0,16.0,
C08C,2023-07-01,16,2023,7,7,32.0,21.0,12.0,
C08C,2023-08-01,21,2023,8,8,16.0,32.0,21.0,
C08C,2023-09-01,18,2023,9,9,21.0,16.0,32.0,
C08C,2023-10-01,9,2023,10,10,18.0,21.0,16.0,
C08C,2023-11-01,5,2023,11,11,9.0,18.0,21.0,
C08C,2023-12-01,13,2023,12,12,5.0,9.0,18.0,
C08C,2024-01-01,33,2024,1,13,13.0,5.0,9.0,
C08C,2024-02-01,13,2024,2,14,33.0,13.0,5.0,0.0
C08C,2024-03-01,15,2024,3,15,13.0,33.0,13.0,16.0
C08C,2024-04-01,28,2024,4,16,15.0,13.0,33.0,12.0
C08C,2024-05-01,14,2024,5,17,28.0,15.0,13.0,21.0
C08C,2024-06-01,25,2024,6,18,14.0,28.0,15.0,32.0
C08C,2024-07-01,21,2024,7,19,25.0,14.0,28.0,16.0
C08C,2024-08-01,15,2024,8,20,21.0,25.0,14.0,21.0
C08C,2024-09-01,20,2024,9,21,15.0,21.0,25.0,18.0
C08C,2024-10-01,25,2024,10,22,20.0,15.0,21.0,9.0
C08C,2024-11-01,44,2024,11,23,25.0,20.0,15.0,5.0
C08C,2024-12-01,13,2024,12,24,44.0,25.0,20.0,13.0
C08C,2025-01-01,0,2025,1,25,13.0,44.0,25.0,33.0
C09A,2023-05-01,37,2023,5,5,21.0,20.0,0.0,
C09A,2023-06-01,35,2023,6,6,37.0,21.0,20.0,
C09A,2023-07-01,31,2023,7,7,35.0,37.0,21.0,
C09A,2023-08-01,30,2023,8,8,31.0,35.0,37.0,
C09A,2023-09-01,40,2023,9,9,30.0,31.0,35.0,
C09A,2023-10-01,39,2023,10,10,40.0,30.0,31.0,
C09A,2023-11-01,20,2023,11,11,39.0,40.0,30.0,
C09A,2023-12-01,23,2023,12,12,20.0,39.0,40.0,
C09A,2024-01-01,32,2024,1,13,23.0,20.0,39.0,
C09A,2024-02-01,38,2024,2,14,32.0,23.0,20.0,0.0
C09A,2024-03-01,45,2024,3,15,38.0,32.0,23.0,20.0
C09A,2024-04-01,20,2024,4,16,45.0,38.0,32.0,21.0
C09A,2024-05-01,32,2024,5,17,20.0,45.0,38.0,37.0
C09A,2024-06-01,29,2024,6,18,32.0,20.0,45.0,35.0
C09A,2024-07-01,35,2024,7,19,29.0,32.0,20.0,31.0
C09A,2024-08-01,38,2024,8,20,35.0,29.0,32.0,30.0
C09A,2024-09-01,37,2024,9,21,38.0,35.0,29.0,40.0
C09A,2024-10-01,26,2024,10,22,37.0,38.0,35.0,39.0
C09A,2024-11-01,39,2024,11,23,26.0,37.0,38.0,20.0
C09A,2024-12-01,32,2024,12,24,39.0,26.0,37.0,23.0
C09A,2025-01-01,0,2025,1,25,32.0,39.0,26.0,32.0
C09B,2023-05-01,75,2023,5,5,50.0,35.0,0.0,
C09B,2023-06-01,74,2023,6,6,75.0,50.0,35.0,
C09B,2023-07-01,47,2023,7,7,74.0,75.0,50.0,
C09B,2023-08-01,67,2023,8,8,47.0,74.0,75.0,
C09B,2023-09-01,109,2023,9,9,67.0,47.0,74.0,
C09B,2023-10-01,88,2023,10,10,109.0,67.0,47.0,
C09B,2023-11-01,30,2023,11,11,88.0,109.0,67.0,
C09B,2023-12-01,52,2023,12,12,30.0,88.0,109.0,
C09B,2024-01-01,89,2024,1,13,52.0,30.0,88.0,
C09B,2024-02-01,119,2024,2,14,89.0,52.0,30.0,0.0
C09B,2024-03-01,95,2024,3,15,119.0,89.0,52.0,35.0
C09B,2024-04-01,76,2024,4,16,95.0,119.0,89.0,50.0
C09B,2024-05-01,79,2024,5,17,76.0,95.0,119.0,75.0
C09B,2024-06-01,80,2024,6,18,79.0,76.0,95.0,74.0
C09B,2024-07-01,70,2024,7,19,80.0,79.0,76.0,47.0
C09B,2024-08-01,91,2024,8,20,70.0,80.0,79.0,67.0
C09B,2024-09-01,94,2024,9,21,91.0,70.0,80.0,109.0
C09B,2024-10-01,86,2024,10,22,94.0,91.0,70.0,88.0
C09B,2024-11-01,58,2024,11,23,86.0,94.0,91.0,30.0
C09B,2024-12-01,60,2024,12,24,58.0,86.0,94.0,52.0
C09B,2025-01-01,8,2025,1,25,60.0,58.0,86.0,89.0
C09C,2023-05-01,13,2023,5,5,12.0,4.0,0.0,
C09C,2023-06-01,7,2023,6,6,13.0,12.0,4.0,
C09C,2023-07-01,5,2023,7,7,7.0,13.0,12.0,
C09C,2023-08-01,26,2023,8,8,5.0,7.0,13.0,
C09C,2023-09-01,15,2023,9,9,26.0,5.0,7.0,
C09C,2023-10-01,7,2023,10,10,15.0,26.0,5.0,
C09C,2023-11-01,2,2023,11,11,7.0,15.0,26.0,
C09C,2023-12-01,3,2023,12,12,2.0,7.0,15.0,
C09C,2024-01-01,7,2024,1,13,3.0,2.0,7.0,
C09C,2024-02-01,16,2024,2,14,7.0,3.0,2.0,0.0
C09C,2024-03-01,11,2024,3,15,16.0,7.0,3.0,4.0
C09C,2024-04-01,27,2024,4,16,11.0,16.0,7.0,12.0
C09C,2024-05-01,15,2024,5,17,27.0,11.0,16.0,13.0
C09C,2024-06-01,14,2024,6,18,15.0,27.0,11.0,7.0
C09C,2024-07-01,10,2024,7,19,14.0,15.0,27.0,5.0
C09C,2024-08-01,23,2024,8,20,10.0,14.0,15.0,26.0
C09C,2024-09-01,8,2024,9,21,23.0,10.0,14.0,15.0
C09C,2024-10-01,20,2024,10,22,8.0,23.0,10.0,7.0
C09C,2024-11-01,16,2024,11,23,20.0,8.0,23.0,2.0
C09C,2024-12-01,17,2024,12,24,16.0,20.0,8.0,3.0
C09C,2025-01-01,0,2025,1,25,17.0,16.0,20.0,7.0
C09D,2023-05-01,14,2023,5,5,5.0,2.0,0.0,
C09D,2023-06-01,7,2023,6,6,14.0,5.0,2.0,
C09D,2023-07-01,9,2023,7,7,7.0,14.0,5.0,
C09D,2023-08-01,11,2023,8,8,9.0,7.0,14.0,
C09D,2023-09-01,9,2023,9,9,11.0,9.0,7.0,
C09D,2023-10-01,15,2023,10,10,9.0,11.0,9.0,
C09D,2023-11-01,1,2023,11,11,15.0,9.0,11.0,
C09D,2023-12-01,4,2023,12,12,1.0,15.0,9.0,
C09D,2024-01-01,11,2024,1,13,4.0,1.0,15.0,
C09D,2024-02-01,18,2024,2,14,11.0,4.0,1.0,0.0
C09D,2024-03-01,8,2024,3,15,18.0,11.0,4.0,2.0
C09D,2024-04-01,7,2024,4,16,8.0,18.0,11.0,5.0
C09D,2024-05-01,17,2024,5,17,7.0,8.0,18.0,14.0
C09D,2024-06-01,18,2024,6,18,17.0,7.0,8.0,7.0
C09D,2024-07-01,14,2024,7,19,18.0,17.0,7.0,9.0
C09D,2024-08-01,14,2024,8,20,14.0,18.0,17.0,11.0
C09D,2024-09-01,15,2024,9,21,14.0,14.0,18.0,9.0
C09D,2024-10-01,24,2024,10,22,15.0,14.0,14.0,15.0
C09D,2024-11-01,17,2024,11,23,24.0,15.0,14.0,1.0
C09D,2024-12-01,12,2024,12,24,17.0,24.0,15.0,4.0
C09D,2025-01-01,0,2025,1,25,12.0,17.0,24.0,11.0
C10A,2023-05-01,32,2023,5,5,33.0,22.0,0.0,
C10A,2023-06-01,31,2023,6,6,32.0,33.0,22.0,
C10A,2023-07-01,30,2023,7,7,31.0,32.0,33.0,
C10A,2023-08-01,43,2023,8,8,30.0,31.0,32.0,
C10A,2023-09-01,43,2023,9,9,43.0,30.0,31.0,
C10A,2023-10-01,70,2023,10,10,43.0,43.0,30.0,
C10A,2023-11-01,27,2023,11,11,70.0,43.0,43.0,
C10A,2023-12-01,22,2023,12,12,27.0,70.0,43.0,
C10A,2024-01-01,32,2024,1,13,22.0,27.0,70.0,
C10A,2024-02-01,60,2024,2,14,32.0,22.0,27.0,0.0
C10A,2024-03-01,41,2024,3,15,60.0,32.0,22.0,22.0
C10A,2024-04-01,38,2024,4,16,41.0,60.0,32.0,33.0
C10A,2024-05-01,35,2024,5,17,38.0,41.0,60.0,32.0
C10A,2024-06-01,54,2024,6,18,35.0,38.0,41.0,31.0
C10A,2024-07-01,38,2024,7,19,54.0,35.0,38.0,30.0
C10A,2024-08-01,50,2024,8,20,38.0,54.0,35.0,43.0
C10A,2024-09-01,47,2024,9,21,50.0,38.0,54.0,43.0
C10A,2024-10-01,59,2024,10,22,47.0,50.0,38.0,70.0
C10A,2024-11-01,43,2024,11,23,59.0,47.0,50.0,27.0
C10A,2024-12-01,24,2024,12,24,43.0,59.0,47.0,22.0
C10A,2025-01-01,7,2025,1,25,24.0,43.0,59.0,32.0
C10B,2023-05-01,1,2023,5,5,1.0,2.0,0.0,
C10B,2023-06-01,1,2023,6,6,1.0,1.0,2.0,
C10B,2023-07-01,5,2023,7,7,1.0,1.0,1.0,
C10B,2023-08-01,3,2023,8,8,5.0,1.0,1.0,
C10B,2023-09-01,2,2023,9,9,3.0,5.0,1.0,
C10B,2023-10-01,3,2023,10,10,2.0,3.0,5.0,
C10B,2023-11-01,0,2023,11,11,3.0,2.0,3.0,
C10B,2023-12-01,2,2023,12,12,0.0,3.0,2.0,
C10B,2024-01-01,2,2024,1,13,2.0,0.0,3.0,
C10B,2024-02-01,4,2024,2,14,2.0,2.0,0.0,0.0
C10B,2024-03-01,2,2024,3,15,4.0,2.0,2.0,2.0
C10B,2024-04-01,4,2024,4,16,2.0,4.0,2.0,1.0
C10B,2024-05-01,9,2024,5,17,4.0,2.0,4.0,1.0
C10B,2024-06-01,6,2024,6,18,9.0,4.0,2.0,1.0
C10B,2024-07-01,4,2024,7,19,6.0,9.0,4.0,5.0
C10B,2024-08-01,8,2024,8,20,4.0,6.0,9.0,3.0
C10B,2024-09-01,13,2024,9,21,8.0,4.0,6.0,2.0
C10B,2024-10-01,4,2024,10,22,13.0,8.0,4.0,3.0
C10B,2024-11-01,6,2024,11,23,4.0,13.0,8.0,0.0
C10B,2024-12-01,1,2024,12,24,6.0,4.0,13.0,2.0
C10B,2025-01-01,0,2025,1,25,1.0,6.0,4.0,2.0
G03A,2023-05-01,1,2023,5,5,0.0,0.0,0.0,
G03A,2023-06-01,1,2023,6,6,1.0,0.0,0.0,
G03A,2023-07-01,1,2023,7,7,1.0,1.0,0.0,
G03A,2023-08-01,2,2023,8,8,1.0,1.0,1.0,
G03A,2023-09-01,1,2023,9,9,2.0,1.0,1.0,
G03A,2023-10-01,2,2023,10,10,1.0,2.0,1.0,
G03A,2023-11-01,0,2023,11,11,2.0,1.0,2.0,
G03A,2023-12-01,1,2023,12,12,0.0,2.0,1.0,
G03A,2024-01-01,2,2024,1,13,1.0,0.0,2.0,
G03A,2024-02-01,4,2024,2,14,2.0,1.0,0.0,0.0
G03A,2024-03-01,3,2024,3,15,4.0,2.0,1.0,0.0
G03A,2024-04-01,2,2024,4,16,3.0,4.0,2.0,0.0
G03A,2024-05-01,6,2024,5,17,2.0,3.0,4.0,1.0
G03A,2024-06-01,2,2024,6,18,6.0,2.0,3.0,1.0
G03A,2024-07-01,2,2024,7,19,2.0,6.0,2.0,1.0
G03A,2024-08-01,4,2024,8,20,2.0,2.0,6.0,2.0
G03A,2024-09-01,2,2024,9,21,4.0,2.0,2.0,1.0
G03A,2024-10-01,4,2024,10,22,2.0,4.0,2.0,2.0
G03A,2024-11-01,2,2024,11,23,4.0,2.0,4.0,0.0
G03A,2024-12-01,1,2024,12,24,2.0,4.0,2.0,1.0
G03A,2025-01-01,0,2025,1,25,1.0,2.0,4.0,2.0
G04C,2023-05-01,12,2023,5,5,7.0,2.0,0.0,
G04C,2023-06-01,10,2023,6,6,12.0,7.0,2.0,
G04C,2023-07-01,1,2023,7,7,10.0,12.0,7.0,
G04C,2023-08-01,3,2023,8,8,1.0,10.0,12.0,
G04C,2023-09-01,7,2023,9,9,3.0,1.0,10.0,
G04C,2023-10-01,3,2023,10,10,7.0,3.0,1.0,
G04C,2023-11-01,1,2023,11,11,3.0,7.0,3.0,
G04C,2023-12-01,10,2023,12,12,1.0,3.0,7.0,
G04C,2024-01-01,2,2024,1,13,10.0,1.0,3.0,
G04C,2024-02-01,13,2024,2,14,2.0,10.0,1.0,0.0
G04C,2024-03-01,13,2024,3,15,13.0,2.0,10.0,2.0
G04C,2024-04-01,7,2024,4,16,13.0,13.0,2.0,7.0
G04C,2024-05-01,6,2024,5,17,7.0,13.0,13.0,12.0
G04C,2024-06-01,12,2024,6,18,6.0,7.0,13.0,10.0
G04C,2024-07-01,9,2024,7,19,12.0,6.0,7.0,1.0
G04C,2024-08-01,2,2024,8,20,9.0,12.0,6.0,3.0
G04C,2024-09-01,9,2024,9,21,2.0,9.0,12.0,7.0
G04C,2024-10-01,6,2024,10,22,9.0,2.0,9.0,3.0
G04C,2024-11-01,10,2024,11,23,6.0,9.0,2.0,1.0
G04C,2024-12-01,24,2024,12,24,10.0,6.0,9.0,10.0
G04C,2025-01-01,0,2025,1,25,24.0,10.0,6.0,2.0
H03A,2023-05-01,4,2023,5,5,1.0,1.0,0.0,
H03A,2023-06-01,2,2023,6,6,4.0,1.0,1.0,
H03A,2023-07-01,7,2023,7,7,2.0,4.0,1.0,
H03A,2023-08-01,16,2023,8,8,7.0,2.0,4.0,
H03A,2023-09-01,8,2023,9,9,16.0,7.0,2.0,
H03A,2023-10-01,8,2023,10,10,8.0,16.0,7.0,
H03A,2023-11-01,3,2023,11,11,8.0,8.0,16.0,
H03A,2023-12-01,1,2023,12,12,3.0,8.0,8.0,
H03A,2024-01-01,6,2024,1,13,1.0,3.0,8.0,
H03A,2024-02-01,13,2024,2,14,6.0,1.0,3.0,0.0
H03A,2024-03-01,8,2024,3,15,13.0,6.0,1.0,1.0
H03A,2024-04-01,5,2024,4,16,8.0,13.0,6.0,1.0
H03A,2024-05-01,1,2024,5,17,5.0,8.0,13.0,4.0
H03A,2024-06-01,6,2024,6,18,1.0,5.0,8.0,2.0
H03A,2024-07-01,7,2024,7,19,6.0,1.0,5.0,7.0
H03A,2024-08-01,9,2024,8,20,7.0,6.0,1.0,16.0
H03A,2024-09-01,19,2024,9,21,9.0,7.0,6.0,8.0
H03A,2024-10-01,3,2024,10,22,19.0,9.0,7.0,8.0
H03A,2024-11-01,16,2024,11,23,3.0,19.0,9.0,3.0
H03A,2024-12-01,14,2024,12,24,16.0,3.0,19.0,1.0
H03A,2025-01-01,0,2025,1,25,14.0,16.0,3.0,6.0
ISMT,2023-05-01,2,2023,5,5,3.0,0.0,0.0,
ISMT,2023-06-01,2,2023,6,6,2.0,3.0,0.0,
ISMT,2023-07-01,7,2023,7,7,2.0,2.0,3.0,
ISMT,2023-08-01,5,2023,8,8,7.0,2.0,2.0,
ISMT,2023-09-01,3,2023,9,9,5.0,7.0,2.0,
ISMT,2023-10-01,7,2023,10,10,3.0,5.0,7.0,
ISMT,2023-11-01,1,2023,11,11,7.0,3.0,5.0,
ISMT,2023-12-01,4,2023,12,12,1.0,7.0,3.0,
ISMT,2024-01-01,7,2024,1,13,4.0,1.0,7.0,
ISMT,2024-02-01,12,2024,2,14,7.0,4.0,1.0,0.0
ISMT,2024-03-01,7,2024,3,15,12.0,7.0,4.0,0.0
ISMT,2024-04-01,8,2024,4,16,7.0,12.0,7.0,3.0
ISMT,2024-05-01,2,2024,5,17,8.0,7.0,12.0,2.0
ISMT,2024-06-01,6,2024,6,18,2.0,8.0,7.0,2.0
ISMT,2024-07-01,2,2024,7,19,6.0,2.0,8.0,7.0
ISMT,2024-08-01,3,2024,8,20,2.0,6.0,2.0,5.0
ISMT,2024-09-01,7,2024,9,21,3.0,2.0,6.0,3.0
ISMT,2024-10-01,11,2024,10,22,7.0,3.0,2.0,7.0
ISMT,2024-11-01,7,2024,11,23,11.0,7.0,3.0,1.0
ISMT,2024-12-01,16,2024,12,24,7.0,11.0,7.0,4.0
ISMT,2025-01-01,0,2025,1,25,16.0,7.0,11.0,7.0
J01C,2023-05-01,18,2023,5,5,12.0,5.0,0.0,
J01C,2023-06-01,4,2023,6,6,18.0,12.0,5.0,
J01C,2023-07-01,10,2023,7,7,4.0,18.0,12.0,
J01C,2023-08-01,7,2023,8,8,10.0,4.0,18.0,
J01C,2023-09-01,17,2023,9,9,7.0,10.0,4.0,
J01C,2023-10-01,16,2023,10,10,17.0,7.0,10.0,
J01C,2023-11-01,9,2023,11,11,16.0,17.0,7.0,
J01C,2023-12-01,6,2023,12,12,9.0,16.0,17.0,
J01C,2024-01-01,28,2024,1,13,6.0,9.0,16.0,
J01C,2024-02-01,20,2024,2,14,28.0,6.0,9.0,0.0
J01C,2024-03-01,14,2024,3,15,20.0,28.0,6.0,5.0
J01C,2024-04-01,9,2024,4,16,14.0,20.0,28.0,12.0
J01C,2024-05-01,9,2024,5,17,9.0,14.0,20.0,18.0
J01C,2024-06-01,5,2024,6,18,9.0,9.0,14.0,4.0
J01C,2024-07-01,3,2024,7,19,5.0,9.0,9.0,10.0
J01C,2024-08-01,9,2024,8,20,3.0,5.0,9.0,7.0
J01C,2024-09-01,10,2024,9,21,9.0,3.0,5.0,17.0
J01C,2024-10-01,19,2024,10,22,10.0,9.0,3.0,16.0
J01C,2024-11-01,8,2024,11,23,19.0,10.0,9.0,9.0
J01C,2024-12-01,19,2024,12,24,8.0,19.0,10.0,6.0
J01C,2025-01-01,0,2025,1,25,19.0,8.0,19.0,28.0
J01D,2023-05-01,8,2023,5,5,4.0,0.0,0.0,
J01D,2023-06-01,2,2023,6,6,8.0,4.0,0.0,
J01D,2023-07-01,1,2023,7,7,2.0,8.0,4.0,
J01D,2023-08-01,1,2023,8,8,1.0,2.0,8.0,
J01D,2023-09-01,5,2023,9,9,1.0,1.0,2.0,
J01D,2023-10-01,4,2023,10,10,5.0,1.0,1.0,
J01D,2023-11-01,1,2023,11,11,4.0,5.0,1.0,
J01D,2023-12-01,5,2023,12,12,1.0,4.0,5.0,
J01D,2024-01-01,5,2024,1,13,5.0,1.0,4.0,
J01D,2024-02-01,7,2024,2,14,5.0,5.0,1.0,0.0
J01D,2024-03-01,7,2024,3,15,7.0,5.0,5.0,0.0
J01D,2024-04-01,2,2024,4,16,7.0,7.0,5.0,4.0
J01D,2024-05-01,6,2024,5,17,2.0,7.0,7.0,8.0
J01D,2024-06-01,1,2024,6,18,6.0,2.0,7.0,2.0
J01D,2024-07-01,2,2024,7,19,1.0,6.0,2.0,1.0
J01D,2024-08-01,4,2024,8,20,2.0,1.0,6.0,1.0
J01D,2024-09-01,1,2024,9,21,4.0,2.0,1.0,5.0
J01D,2024-10-01,8,2024,10,22,1.0,4.0,2.0,4.0
J01D,2024-11-01,8,2024,11,23,8.0,1.0,4.0,1.0
J01D,2024-12-01,5,2024,12,24,8.0,8.0,1.0,5.0
J01D,2025-01-01,0,2025,1,25,5.0,8.0,8.0,5.0
J01E,2023-05-01,4,2023,5,5,0.0,0.0,0.0,
J01E,2023-06-01,3,2023,6,6,4.0,0.0,0.0,
J01E,2023-07-01,2,2023,7,7,3.0,4.0,0.0,
J01E,2023-08-01,11,2023,8,8,2.0,3.0,4.0,
J01E,2023-09-01,5,2023,9,9,11.0,2.0,3.0,
J01E,2023-10-01,6,2023,10,10,5.0,11.0,2.0,
J01E,2023-11-01,1,2023,11,11,6.0,5.0,11.0,
J01E,2023-12-01,3,2023,12,12,1.0,6.0,5.0,
J01E,2024-01-01,5,2024,1,13,3.0,1.0,6.0,
J01E,2024-02-01,5,2024,2,14,5.0,3.0,1.0,0.0
J01E,2024-03-01,9,2024,3,15,5.0,5.0,3.0,0.0
J01E,2024-04-01,1,2024,4,16,9.0,5.0,5.0,0.0
J01E,2024-05-01,2,2024,5,17,1.0,9.0,5.0,4.0
J01E,2024-06-01,4,2024,6,18,2.0,1.0,9.0,3.0
J01E,2024-07-01,2,2024,7,19,4.0,2.0,1.0,2.0
J01E,2024-08-01,0,2024,8,20,2.0,4.0,2.0,11.0
J01E,2024-09-01,13,2024,9,21,0.0,2.0,4.0,5.0
J01E,2024-10-01,4,2024,10,22,13.0,0.0,2.0,6.0
J01E,2024-11-01,7,2024,11,23,4.0,13.0,0.0,1.0
J01E,2024-12-01,3,2024,12,24,7.0,4.0,13.0,3.0
J01E,2025-01-01,0,2025,1,25,3.0,7.0,4.0,5.0
J01F,2023-05-01,7,2023,5,5,4.0,4.0,0.0,
J01F,2023-06-01,9,2023,6,6,7.0,4.0,4.0,
J01F,2023-07-01,3,2023,7,7,9.0,7.0,4.0,
J01F,2023-08-01,7,2023,8,8,3.0,9.0,7.0,
J01F,2023-09-01,8,2023,9,9,7.0,3.0,9.0,
J01F,2023-10-01,12,2023,10,10,8.0,7.0,3.0,
J01F,2023-11-01,5,2023,11,11,12.0,8.0,7.0,
J01F,2023-12-01,4,2023,12,12,5.0,12.0,8.0,
J01F,2024-01-01,26,2024,1,13,4.0,5.0,12.0,
J01F,2024-02-01,20,2024,2,14,26.0,4.0,5.0,0.0
J01F,2024-03-01,21,2024,3,15,20.0,26.0,4.0,4.0
J01F,2024-04-01,17,2024,4,16,21.0,20.0,26.0,4.0
J01F,2024-05-01,9,2024,5,17,17.0,21.0,20.0,7.0
J01F,2024-06-01,14,2024,6,18,9.0,17.0,21.0,9.0
J01F,2024-07-01,3,2024,7,19,14.0,9.0,17.0,3.0
J01F,2024-08-01,13,2024,8,20,3.0,14.0,9.0,7.0
J01F,2024-09-01,14,2024,9,21,13.0,3.0,14.0,8.0
J01F,2024-10-01,20,2024,10,22,14.0,13.0,3.0,12.0
J01F,2024-11-01,17,2024,11,23,20.0,14.0,13.0,5.0
J01F,2024-12-01,8,2024,12,24,17.0,20.0,14.0,4.0
J01F,2025-01-01,0,2025,1,25,8.0,17.0,20.0,26.0
J01M,2023-05-01,10,2023,5,5,10.0,3.0,0.0,
J01M,2023-06-01,6,2023,6,6,10.0,10.0,3.0,
J01M,2023-07-01,4,2023,7,7,6.0,10.0,10.0,
J01M,2023-08-01,4,2023,8,8,4.0,6.0,10.0,
J01M,2023-09-01,12,2023,9,9,4.0,4.0,6.0,
J01M,2023-10-01,12,2023,10,10,12.0,4.0,4.0,
J01M,2023-11-01,3,2023,11,11,12.0,12.0,4.0,
J01M,2023-12-01,5,2023,12,12,3.0,12.0,12.0,
J01M,2024-01-01,14,2024,1,13,5.0,3.0,12.0,
J01M,2024-02-01,13,2024,2,14,14.0,5.0,3.0,0.0
J01M,2024-03-01,9,2024,3,15,13.0,14.0,5.0,3.0
J01M,2024-04-01,9,2024,4,16,9.0,13.0,14.0,10.0
J01M,2024-05-01,13,2024,5,17,9.0,9.0,13.0,10.0
J01M,2024-06-01,5,2024,6,18,13.0,9.0,9.0,6.0
J01M,2024-07-01,5,2024,7,19,5.0,13.0,9.0,4.0
J01M,2024-08-01,6,2024,8,20,5.0,5.0,13.0,4.0
J01M,2024-09-01,15,2024,9,21,6.0,5.0,5.0,12.0
J01M,2024-10-01,9,2024,10,22,15.0,6.0,5.0,12.0
J01M,2024-11-01,11,2024,11,23,9.0,15.0,6.0,3.0
J01M,2024-12-01,6,2024,12,24,11.0,9.0,15.0,5.0
J01M,2025-01-01,0,2025,1,25,6.0,11.0,9.0,14.0
M01A,2023-05-01,60,2023,5,5,51.0,23.0,0.0,
M01A,2023-06-01,55,2023,6,6,60.0,51.0,23.0,
M01A,2023-07-01,56,2023,7,7,55.0,60.0,51.0,
M01A,2023-08-01,83,2023,8,8,56.0,55.0,60.0,
M01A,2023-09-01,101,2023,9,9,83.0,56.0,55.0,
M01A,2023-10-01,100,2023,10,10,101.0,83.0,56.0,
M01A,2023-11-01,24,2023,11,11,100.0,101.0,83.0,
M01A,2023-12-01,18,2023,12,12,24.0,100.0,101.0,
M01A,2024-01-01,77,2024,1,13,18.0,24.0,100.0,
M01A,2024-02-01,78,2024,2,14,77.0,18.0,24.0,0.0
M01A,2024-03-01,68,2024,3,15,78.0,77.0,18.0,23.0
M01A,2024-04-01,77,2024,4,16,68.0,78.0,77.0,51.0
M01A,2024-05-01,68,2024,5,17,77.0,68.0,78.0,60.0
M01A,2024-06-01,64,2024,6,18,68.0,77.0,68.0,55.0
M01A,2024-07-01,47,2024,7,19,64.0,68.0,77.0,56.0
M01A,2024-08-01,66,2024,8,20,47.0,64.0,68.0,83.0
M01A,2024-09-01,74,2024,9,21,66.0,47.0,64.0,101.0
M01A,2024-10-01,67,2024,10,22,74.0,66.0,47.0,100.0
M01A,2024-11-01,71,2024,11,23,67.0,74.0,66.0,24.0
M01A,2024-12-01,54,2024,12,24,71.0,67.0,74.0,18.0
M01A,2025-01-01,5,2025,1,25,54.0,71.0,67.0,77.0
M02A,2023-05-01,5,2023,5,5,5.0,5.0,0.0,
M02A,2023-06-01,1,2023,6,6,5.0,5.0,5.0,
M02A,2023-07-01,7,2023,7,7,1.0,5.0,5.0,
M02A,2023-08-01,19,2023,8,8,7.0,1.0,5.0,
M02A,2023-09-01,9,2023,9,9,19.0,7.0,1.0,
M02A,2023-10-01,19,2023,10,10,9.0,19.0,7.0,
M02A,2023-11-01,3,2023,11,11,19.0,9.0,19.0,
M02A,2023-12-01,5,2023,12,12,3.0,19.0,9.0,
M02A,2024-01-01,11,2024,1,13,5.0,3.0,19.0,
M02A,2024-02-01,10,2024,2,14,11.0,5.0,3.0,0.0
M02A,2024-03-01,12,2024,3,15,10.0,11.0,5.0,5.0
M02A,2024-04-01,13,2024,4,16,12.0,10.0,11.0,5.0
M02A,2024-05-01,14,2024,5,17,13.0,12.0,10.0,5.0
M02A,2024-06-01,5,2024,6,18,14.0,13.0,12.0,1.0
M02A,2024-07-01,5,2024,7,19,5.0,14.0,13.0,7.0
M02A,2024-08-01,9,2024,8,20,5.0,5.0,14.0,19.0
M02A,2024-09-01,3,2024,9,21,9.0,5.0,5.0,9.0
M02A,2024-10-01,4,2024,10,22,3.0,9.0,5.0,19.0
M02A,2024-11-01,9,2024,11,23,4.0,3.0,9.0,3.0
M02A,2024-12-01,3,2024,12,24,9.0,4.0,3.0,5.0
M02A,2025-01-01,0,2025,1,25,3.0,9.0,4.0,11.0
M03B,2023-05-01,9,2023,5,5,9.0,2.0,0.0,
M03B,2023-06-01,7,2023,6,6,9.0,9.0,2.0,
M03B,2023-07-01,12,2023,7,7,7.0,9.0,9.0,
M03B,2023-08-01,12,2023,8,8,12.0,7.0,9.0,
M03B,2023-09-01,13,2023,9,9,12.0,12.0,7.0,
M03B,2023-10-01,14,2023,10,10,13.0,12.0,12.0,
M03B,2023-11-01,1,2023,11,11,14.0,13.0,12.0,
M03B,2023-12-01,1,2023,12,12,1.0,14.0,13.0,
M03B,2024-01-01,6,2024,1,13,1.0,1.0,14.0,
M03B,2024-02-01,10,2024,2,14,6.0,1.0,1.0,0.0
M03B,2024-03-01,5,2024,3,15,10.0,6.0,1.0,2.0
M03B,2024-04-01,11,2024,4,16,5.0,10.0,6.0,9.0
M03B,2024-05-01,6,2024,5,17,11.0,5.0,10.0,9.0
M03B,2024-06-01,7,2024,6,18,6.0,11.0,5.0,7.0
M03B,2024-07-01,7,2024,7,19,7.0,6.0,11.0,12.0
M03B,2024-08-01,8,2024,8,20,7.0,7.0,6.0,12.0
M03B,2024-09-01,16,2024,9,21,8.0,7.0,7.0,13.0
M03B,2024-10-01,6,2024,10,22,16.0,8.0,7.0,14.0
M03B,2024-11-01,10,2024,11,23,6.0,16.0,8.0,1.0
M03B,2024-12-01,4,2024,12,24,10.0,6.0,16.0,1.0
M03B,2025-01-01,0,2025,1,25,4.0,10.0,6.0,6.0
M04A,2023-05-01,12,2023,5,5,11.0,3.0,0.0,
M04A,2023-06-01,15,2023,6,6,12.0,11.0,3.0,
M04A,2023-07-01,9,2023,7,7,15.0,12.0,11.0,
M04A,2023-08-01,13,2023,8,8,9.0,15.0,12.0,
M04A,2023-09-01,23,2023,9,9,13.0,9.0,15.0,
M04A,2023-10-01,3,2023,10,10,23.0,13.0,9.0,
M04A,2023-11-01,4,2023,11,11,3.0,23.0,13.0,
M04A,2023-12-01,15,2023,12,12,4.0,3.0,23.0,
M04A,2024-01-01,10,2024,1,13,15.0,4.0,3.0,
M04A,2024-02-01,11,2024,2,14,10.0,15.0,4.0,0.0
M04A,2024-03-01,16,2024,3,15,11.0,10.0,15.0,3.0
M04A,2024-04-01,20,2024,4,16,16.0,11.0,10.0,11.0
M04A,2024-05-01,11,2024,5,17,20.0,16.0,11.0,12.0
M04A,2024-06-01,24,2024,6,18,11.0,20.0,16.0,15.0
M04A,2024-07-01,21,2024,7,19,24.0,11.0,20.0,9.0
M04A,2024-08-01,18,2024,8,20,21.0,24.0,11.0,13.0
M04A,2024-09-01,16,2024,9,21,18.0,21.0,24.0,23.0
M04A,2024-10-01,18,2024,10,22,16.0,18.0,21.0,3.0
M04A,2024-11-01,13,2024,11,23,18.0,16.0,18.0,4.0
M04A,2024-12-01,6,2024,12,24,13.0,18.0,16.0,15.0
M04A,2025-01-01,0,2025,1,25,6.0,13.0,18.0,10.0
N02A,2023-05-01,28,2023,5,5,14.0,10.0,0.0,
N02A,2023-06-01,46,2023,6,6,28.0,14.0,10.0,
N02A,2023-07-01,8,2023,7,7,46.0,28.0,14.0,
N02A,2023-08-01,28,2023,8,8,8.0,46.0,28.0,
N02A,2023-09-01,25,2023,9,9,28.0,8.0,46.0,
N02A,2023-10-01,30,2023,10,10,25.0,28.0,8.0,
N02A,2023-11-01,13,2023,11,11,30.0,25.0,28.0,
N02A,2023-12-01,7,2023,12,12,13.0,30.0,25.0,
N02A,2024-01-01,28,2024,1,13,7.0,13.0,30.0,
N02A,2024-02-01,44,2024,2,14,28.0,7.0,13.0,0.0
N02A,2024-03-01,39,2024,3,15,44.0,28.0,7.0,10.0
N02A,2024-04-01,24,2024,4,16,39.0,44.0,28.0,14.0
N02A,2024-05-01,18,2024,5,17,24.0,39.0,44.0,28.0
N02A,2024-06-01,19,2024,6,18,18.0,24.0,39.0,46.0
N02A,2024-07-01,19,2024,7,19,19.0,18.0,24.0,8.0
N02A,2024-08-01,26,2024,8,20,19.0,19.0,18.0,28.0
N02A,2024-09-01,33,2024,9,21,26.0,19.0,19.0,25.0
N02A,2024-10-01,33,2024,10,22,33.0,26.0,19.0,30.0
N02A,2024-11-01,20,2024,11,23,33.0,33.0,26.0,13.0
N02A,2024-12-01,12,2024,12,24,20.0,33.0,33.0,7.0
N02A,2025-01-01,0,2025,1,25,12.0,20.0,33.0,28.0
N02B,2023-05-01,15,2023,5,5,14.0,8.0,0.0,
N02B,2023-06-01,26,2023,6,6,15.0,14.0,8.0,
N02B,2023-07-01,19,2023,7,7,26.0,15.0,14.0,
N02B,2023-08-01,36,2023,8,8,19.0,26.0,15.0,
N02B,2023-09-01,14,2023,9,9,36.0,19.0,26.0,
N02B,2023-10-01,26,2023,10,10,14.0,36.0,19.0,
N02B,2023-11-01,14,2023,11,11,26.0,14.0,36.0,
N02B,2023-12-01,8,2023,12,12,14.0,26.0,14.0,
N02B,2024-01-01,22,2024,1,13,8.0,14.0,26.0,
N02B,2024-02-01,36,2024,2,14,22.0,8.0,14.0,0.0
N02B,2024-03-01,26,2024,3,15,36.0,22.0,8.0,8.0
N02B,2024-04-01,13,2024,4,16,26.0,36.0,22.0,14.0
N02B,2024-05-01,24,2024,5,17,13.0,26.0,36.0,15.0
N02B,2024-06-01,12,2024,6,18,24.0,13.0,26.0,26.0
N02B,2024-07-01,8,2024,7,19,12.0,24.0,13.0,19.0
N02B,2024-08-01,21,2024,8,20,8.0,12.0,24.0,36.0
N02B,2024-09-01,16,2024,9,21,21.0,8.0,12.0,14.0
N02B,2024-10-01,13,2024,10,22,16.0,21.0,8.0,26.0
N02B,2024-11-01,19,2024,11,23,13.0,16.0,21.0,14.0
N02B,2024-12-01,13,2024,12,24,19.0,13.0,16.0,8.0
N02B,2025-01-01,0,2025,1,25,13.0,19.0,13.0,22.0
N03A,2023-05-01,7,2023,5,5,4.0,3.0,0.0,
N03A,2023-06-01,11,2023,6,6,7.0,4.0,3.0,
N03A,2023-07-01,5,2023,7,7,11.0,7.0,4.0,
N03A,2023-08-01,6,2023,8,8,5.0,11.0,7.0,
N03A,2023-09-01,11,2023,9,9,6.0,5.0,11.0,
N03A,2023-10-01,9,2023,10,10,11.0,6.0,5.0,
N03A,2023-11-01,7,2023,11,11,9.0,11.0,6.0,
N03A,2023-12-01,3,2023,12,12,7.0,9.0,11.0,
N03A,2024-01-01,12,2024,1,13,3.0,7.0,9.0,
N03A,2024-02-01,16,2024,2,14,12.0,3.0,7.0,0.0
N03A,2024-03-01,6,2024,3,15,16.0,12.0,3.0,3.0
N03A,2024-04-01,10,2024,4,16,6.0,16.0,12.0,4.0
N03A,2024-05-01,6,2024,5,17,10.0,6.0,16.0,7.0
N03A,2024-06-01,15,2024,6,18,6.0,10.0,6.0,11.0
N03A,2024-07-01,7,2024,7,19,15.0,6.0,10.0,5.0
N03A,2024-08-01,8,2024,8,20,7.0,15.0,6.0,6.0
N03A,2024-09-01,7,2024,9,21,8.0,7.0,15.0,11.0
N03A,2024-10-01,3,2024,10,22,7.0,8.0,7.0,9.0
N03A,2024-11-01,12,2024,11,23,3.0,7.0,8.0,7.0
N03A,2024-12-01,10,2024,12,24,12.0,3.0,7.0,3.0
N03A,2025-01-01,0,2025,1,25,10.0,12.0,3.0,12.0
N05B,2023-05-01,61,2023,5,5,36.0,20.0,0.0,
N05B,2023-06-01,44,2023,6,6,61.0,36.0,20.0,
N05B,2023-07-01,44,2023,7,7,44.0,61.0,36.0,
N05B,2023-08-01,76,2023,8,8,44.0,44.0,61.0,
N05B,2023-09-01,74,2023,9,9,76.0,44.0,44.0,
N05B,2023-10-01,58,2023,10,10,74.0,76.0,44.0,
N05B,2023-11-01,17,2023,11,11,58.0,74.0,76.0,
N05B,2023-12-01,24,2023,12,12,17.0,58.0,74.0,
N05B,2024-01-01,72,2024,1,13,24.0,17.0,58.0,
N05B,2024-02-01,56,2024,2,14,72.0,24.0,17.0,0.0
N05B,2024-03-01,94,2024,3,15,56.0,72.0,24.0,20.0
N05B,2024-04-01,70,2024,4,16,94.0,56.0,72.0,36.0
N05B,2024-05-01,43,2024,5,17,70.0,94.0,56.0,61.0
N05B,2024-06-01,44,2024,6,18,43.0,70.0,94.0,44.0
N05B,2024-07-01,33,2024,7,19,44.0,43.0,70.0,44.0
N05B,2024-08-01,48,2024,8,20,33.0,44.0,43.0,76.0
N05B,2024-09-01,71,2024,9,21,48.0,33.0,44.0,74.0
N05B,2024-10-01,39,2024,10,22,71.0,48.0,33.0,58.0
N05B,2024-11-01,71,2024,11,23,39.0,71.0,48.0,17.0
N05B,2024-12-01,57,2024,12,24,71.0,39.0,71.0,24.0
N05B,2025-01-01,1,2025,1,25,57.0,71.0,39.0,72.0
N05C,2023-05-01,21,2023,5,5,5.0,0.0,0.0,
N05C,2023-06-01,4,2023,6,6,21.0,5.0,0.0,
N05C,2023-07-01,8,2023,7,7,4.0,21.0,5.0,
N05C,2023-08-01,4,2023,8,8,8.0,4.0,21.0,
N05C,2023-09-01,9,2023,9,9,4.0,8.0,4.0,
N05C,2023-10-01,2,2023,10,10,9.0,4.0,8.0,
N05C,2023-11-01,3,2023,11,11,2.0,9.0,4.0,
N05C,2023-12-01,0,2023,12,12,3.0,2.0,9.0,
N05C,2024-01-01,0,2024,1,13,0.0,3.0,2.0,
N05C,2024-02-01,19,2024,2,14,0.0,0.0,3.0,0.0
N05C,2024-03-01,8,2024,3,15,19.0,0.0,0.0,0.0
N05C,2024-04-01,8,2024,4,16,8.0,19.0,0.0,5.0
N05C,2024-05-01,5,2024,5,17,8.0,8.0,19.0,21.0
N05C,2024-06-01,14,2024,6,18,5.0,8.0,8.0,4.0
N05C,2024-07-01,1,2024,7,19,14.0,5.0,8.0,8.0
N05C,2024-08-01,2,2024,8,20,1.0,14.0,5.0,4.0
N05C,2024-09-01,5,2024,9,21,2.0,1.0,14.0,9.0
N05C,2024-10-01,1,2024,10,22,5.0,2.0,1.0,2.0
N05C,2024-11-01,4,2024,11,23,1.0,5.0,2.0,3.0
N05C,2024-12-01,5,2024,12,24,4.0,1.0,5.0,0.0
N05C,2025-01-01,0,2025,1,25,5.0,4.0,1.0,0.0
N06A,2023-05-01,13,2023,5,5,10.0,5.0,0.0,
N06A,2023-06-01,14,2023,6,6,13.0,10.0,5.0,
N06A,2023-07-01,12,2023,7,7,14.0,13.0,10.0,
N06A,2023-08-01,11,2023,8,8,12.0,14.0,13.0,
N06A,2023-09-01,15,2023,9,9,11.0,12.0,14.0,
N06A,2023-10-01,3,2023,10,10,15.0,11.0,12.0,
N06A,2023-11-01,0,2023,11,11,3.0,15.0,11.0,
N06A,2023-12-01,0,2023,12,12,0.0,3.0,15.0,
N06A,2024-01-01,10,2024,1,13,0.0,0.0,3.0,
N06A,2024-02-01,12,2024,2,14,10.0,0.0,0.0,0.0
N06A,2024-03-01,13,2024,3,15,12.0,10.0,0.0,5.0
N06A,2024-04-01,3,2024,4,16,13.0,12.0,10.0,10.0
N06A,2024-05-01,5,2024,5,17,3.0,13.0,12.0,13.0
N06A,2024-06-01,11,2024,6,18,5.0,3.0,13.0,14.0
N06A,2024-07-01,11,2024,7,19,11.0,5.0,3.0,12.0
N06A,2024-08-01,8,2024,8,20,11.0,11.0,5.0,11.0
N06A,2024-09-01,14,2024,9,21,8.0,11.0,11.0,15.0
N06A,2024-10-01,11,2024,10,22,14.0,8.0,11.0,3.0
N06A,2024-11-01,20,2024,11,23,11.0,14.0,8.0,0.0
N06A,2024-12-01,13,2024,12,24,20.0,11.0,14.0,0.0
N06A,2025-01-01,0,2025,1,25,13.0,20.0,11.0,10.0
N06B,2023-05-01,32,2023,5,5,15.0,11.0,0.0,
N06B,2023-06-01,18,2023,6,6,32.0,15.0,11.0,
N06B,2023-07-01,8,2023,7,7,18.0,32.0,15.0,
N06B,2023-08-01,20,2023,8,8,8.0,18.0,32.0,
N06B,2023-09-01,25,2023,9,9,20.0,8.0,18.0,
N06B,2023-10-01,15,2023,10,10,25.0,20.0,8.0,
N06B,2023-11-01,4,2023,11,11,15.0,25.0,20.0,
N06B,2023-12-01,9,2023,12,12,4.0,15.0,25.0,
N06B,2024-01-01,19,2024,1,13,9.0,4.0,15.0,
N06B,2024-02-01,14,2024,2,14,19.0,9.0,4.0,0.0
N06B,2024-03-01,11,2024,3,15,14.0,19.0,9.0,11.0
N06B,2024-04-01,16,2024,4,16,11.0,14.0,19.0,15.0
N06B,2024-05-01,8,2024,5,17,16.0,11.0,14.0,32.0
N06B,2024-06-01,15,2024,6,18,8.0,16.0,11.0,18.0
N06B,2024-07-01,16,2024,7,19,15.0,8.0,16.0,8.0
N06B,2024-08-01,12,2024,8,20,16.0,15.0,8.0,20.0
N06B,2024-09-01,14,2024,9,21,12.0,16.0,15.0,25.0
N06B,2024-10-01,9,2024,10,22,14.0,12.0,16.0,15.0
N06B,2024-11-01,10,2024,11,23,9.0,14.0,12.0,4.0
N06B,2024-12-01,7,2024,12,24,10.0,9.0,14.0,9.0
N06B,2025-01-01,2,2025,1,25,7.0,10.0,9.0,19.0
N07C,2023-05-01,8,2023,5,5,9.0,4.0,0.0,
N07C,2023-06-01,2,2023,6,6,8.0,9.0,4.0,
N07C,2023-07-01,0,2023,7,7,2.0,8.0,9.0,
N07C,2023-08-01,8,2023,8,8,0.0,2.0,8.0,
N07C,2023-09-01,4,2023,9,9,8.0,0.0,2.0,
N07C,2023-10-01,2,2023,10,10,4.0,8.0,0.0,
N07C,2023-11-01,4,2023,11,11,2.0,4.0,8.0,
N07C,2023-12-01,2,2023,12,12,4.0,2.0,4.0,
N07C,2024-01-01,8,2024,1,13,2.0,4.0,2.0,
N07C,2024-02-01,1,2024,2,14,8.0,2.0,4.0,0.0
N07C,2024-03-01,7,2024,3,15,1.0,8.0,2.0,4.0
N07C,2024-04-01,1,2024,4,16,7.0,1.0,8.0,9.0
N07C,2024-05-01,5,2024,5,17,1.0,7.0,1.0,8.0
N07C,2024-06-01,5,2024,6,18,5.0,1.0,7.0,2.0
N07C,2024-07-01,2,2024,7,19,5.0,5.0,1.0,0.0
N07C,2024-08-01,6,2024,8,20,2.0,5.0,5.0,8.0
N07C,2024-09-01,3,2024,9,21,6.0,2.0,5.0,4.0
N07C,2024-10-01,7,2024,10,22,3.0,6.0,2.0,2.0
N07C,2024-11-01,5,2024,11,23,7.0,3.0,6.0,4.0
N07C,2024-12-01,6,2024,12,24,5.0,7.0,3.0,2.0
N07C,2025-01-01,0,2025,1,25,6.0,5.0,7.0,8.0
R01A,2023-05-01,2,2023,5,5,1.0,2.0,0.0,
R01A,2023-06-01,2,2023,6,6,2.0,1.0,2.0,
R01A,2023-07-01,1,2023,7,7,2.0,2.0,1.0,
R01A,2023-08-01,2,2023,8,8,1.0,2.0,2.0,
R01A,2023-09-01,1,2023,9,9,2.0,1.0,2.0,
R01A,2023-10-01,3,2023,10,10,1.0,2.0,1.0,
R01A,2023-11-01,1,2023,11,11,3.0,1.0,2.0,
R01A,2023-12-01,2,2023,12,12,1.0,3.0,1.0,
R01A,2024-01-01,4,2024,1,13,2.0,1.0,3.0,
R01A,2024-02-01,3,2024,2,14,4.0,2.0,1.0,0.0
R01A,2024-03-01,1,2024,3,15,3.0,4.0,2.0,2.0
R01A,2024-04-01,7,2024,4,16,1.0,3.0,4.0,1.0
R01A,2024-05-01,2,2024,5,17,7.0,1.0,3.0,2.0
R01A,2024-06-01,5,2024,6,18,2.0,7.0,1.0,2.0
R01A,2024-07-01,1,2024,7,19,5.0,2.0,7.0,1.0
R01A,2024-08-01,1,2024,8,20,1.0,5.0,2.0,2.0
R01A,2024-09-01,1,2024,9,21,1.0,1.0,5.0,1.0
R01A,2024-10-01,0,2024,10,22,1.0,1.0,1.0,3.0
R01A,2024-11-01,3,2024,11,23,0.0,1.0,1.0,1.0
R01A,2024-12-01,2,2024,12,24,3.0,0.0,1.0,2.0
R01A,2025-01-01,0,2025,1,25,2.0,3.0,0.0,4.0
R03A,2023-05-01,18,2023,5,5,17.0,9.0,0.0,
R03A,2023-06-01,16,2023,6,6,18.0,17.0,9.0,
R03A,2023-07-01,16,2023,7,7,16.0,18.0,17.0,
R03A,2023-08-01,43,2023,8,8,16.0,16.0,18.0,
R03A,2023-09-01,20,2023,9,9,43.0,16.0,16.0,
R03A,2023-10-01,18,2023,10,10,20.0,43.0,16.0,
R03A,2023-11-01,1,2023,11,11,18.0,20.0,43.0,
R03A,2023-12-01,6,2023,12,12,1.0,18.0,20.0,
R03A,2024-01-01,15,2024,1,13,6.0,1.0,18.0,
R03A,2024-02-01,30,2024,2,14,15.0,6.0,1.0,0.0
R03A,2024-03-01,20,2024,3,15,30.0,15.0,6.0,9.0
R03A,2024-04-01,20,2024,4,16,20.0,30.0,15.0,17.0
R03A,2024-05-01,17,2024,5,17,20.0,20.0,30.0,18.0
R03A,2024-06-01,34,2024,6,18,17.0,20.0,20.0,16.0
R03A,2024-07-01,29,2024,7,19,34.0,17.0,20.0,16.0
R03A,2024-08-01,16,2024,8,20,29.0,34.0,17.0,43.0
R03A,2024-09-01,22,2024,9,21,16.0,29.0,34.0,20.0
R03A,2024-10-01,13,2024,10,22,22.0,16.0,29.0,18.0
R03A,2024-11-01,28,2024,11,23,13.0,22.0,16.0,1.0
R03A,2024-12-01,36,2024,12,24,28.0,13.0,22.0,6.0
R03A,2025-01-01,0,2025,1,25,36.0,28.0,13.0,15.0
R03B,2023-05-01,7,2023,5,5,2.0,11.0,0.0,
R03B,2023-06-01,4,2023,6,6,7.0,2.0,11.0,
R03B,2023-07-01,4,2023,7,7,4.0,7.0,2.0,
R03B,2023-08-01,10,2023,8,8,4.0,4.0,7.0,
R03B,2023-09-01,14,2023,9,9,10.0,4.0,4.0,
R03B,2023-10-01,3,2023,10,10,14.0,10.0,4.0,
R03B,2023-11-01,2,2023,11,11,3.0,14.0,10.0,
R03B,2023-12-01,0,2023,12,12,2.0,3.0,14.0,
R03B,2024-01-01,7,2024,1,13,0.0,2.0,3.0,
R03B,2024-02-01,6,2024,2,14,7.0,0.0,2.0,0.0
R03B,2024-03-01,4,2024,3,15,6.0,7.0,0.0,11.0
R03B,2024-04-01,11,2024,4,16,4.0,6.0,7.0,2.0
R03B,2024-05-01,7,2024,5,17,11.0,4.0,6.0,7.0
R03B,2024-06-01,8,2024,6,18,7.0,11.0,4.0,4.0
R03B,2024-07-01,2,2024,7,19,8.0,7.0,11.0,4.0
R03B,2024-08-01,8,2024,8,20,2.0,8.0,7.0,10.0
R03B,2024-09-01,3,2024,9,21,8.0,2.0,8.0,14.0
R03B,2024-10-01,1,2024,10,22,3.0,8.0,2.0,3.0
R03B,2024-11-01,6,2024,11,23,1.0,3.0,8.0,2.0
R03B,2024-12-01,8,2024,12,24,6.0,1.0,3.0,0.0
R03B,2025-01-01,0,2025,1,25,8.0,6.0,1.0,7.0
R03D,2023-05-01,13,2023,5,5,12.0,8.0,0.0,
R03D,2023-06-01,5,2023,6,6,13.0,12.0,8.0,
R03D,2023-07-01,8,2023,7,7,5.0,13.0,12.0,
R03D,2023-08-01,14,2023,8,8,8.0,5.0,13.0,
R03D,2023-09-01,24,2023,9,9,14.0,8.0,5.0,
R03D,2023-10-01,11,2023,10,10,24.0,14.0,8.0,
R03D,2023-11-01,3,2023,11,11,11.0,24.0,14.0,
R03D,2023-12-01,3,2023,12,12,3.0,11.0,24.0,
R03D,2024-01-01,9,2024,1,13,3.0,3.0,11.0,
R03D,2024-02-01,20,2024,2,14,9.0,3.0,3.0,0.0
R03D,2024-03-01,17,2024,3,15,20.0,9.0,3.0,8.0
R03D,2024-04-01,9,2024,4,16,17.0,20.0,9.0,12.0
R03D,2024-05-01,7,2024,5,17,9.0,17.0,20.0,13.0
R03D,2024-06-01,17,2024,6,18,7.0,9.0,17.0,5.0
R03D,2024-07-01,11,2024,7,19,17.0,7.0,9.0,8.0
R03D,2024-08-01,13,2024,8,20,11.0,17.0,7.0,14.0
R03D,2024-09-01,20,2024,9,21,13.0,11.0,17.0,24.0
R03D,2024-10-01,13,2024,10,22,20.0,13.0,11.0,11.0
R03D,2024-11-01,18,2024,11,23,13.0,20.0,13.0,3.0
R03D,2024-12-01,17,2024,12,24,18.0,13.0,20.0,3.0
R03D,2025-01-01,0,2025,1,25,17.0,18.0,13.0,9.0
R06A,2023-05-01,9,2023,5,5,18.0,9.0,1.0,
R06A,2023-06-01,17,2023,6,6,9.0,18.0,9.0,
R06A,2023-07-01,11,2023,7,7,17.0,9.0,18.0,
R06A,2023-08-01,15,2023,8,8,11.0,17.0,9.0,
R06A,2023-09-01,17,2023,9,9,15.0,11.0,17.0,
R06A,2023-10-01,26,2023,10,10,17.0,15.0,11.0,
R06A,2023-11-01,1,2023,11,11,26.0,17.0,15.0,
R06A,2023-12-01,7,2023,12,12,1.0,26.0,17.0,
R06A,2024-01-01,11,2024,1,13,7.0,1.0,26.0,
R06A,2024-02-01,22,2024,2,14,11.0,7.0,1.0,1.0
R06A,2024-03-01,9,2024,3,15,22.0,11.0,7.0,9.0
R06A,2024-04-01,13,2024,4,16,9.0,22.0,11.0,18.0
R06A,2024-05-01,11,2024,5,17,13.0,9.0,22.0,9.0
R06A,2024-06-01,14,2024,6,18,11.0,13.0,9.0,17.0
R06A,2024-07-01,4,2024,7,19,14.0,11.0,13.0,11.0
R06A,2024-08-01,16,2024,8,20,4.0,14.0,11.0,15.0
R06A,2024-09-01,17,2024,9,21,16.0,4.0,14.0,17.0
R06A,2024-10-01,12,2024,10,22,17.0,16.0,4.0,26.0
R06A,2024-11-01,13,2024,11,23,12.0,17.0,16.0,1.0
R06A,2024-12-01,18,2024,12,24,13.0,12.0,17.0,7.0
R06A,2025-01-01,0,2025,1,25,18.0,13.0,12.0,11.0
S01E,2023-05-01,2,2023,5,5,0.0,0.0,0.0,
S01E,2023-06-01,5,2023,6,6,2.0,0.0,0.0,
S01E,2023-07-01,3,2023,7,7,5.0,2.0,0.0,
S01E,2023-08-01,3,2023,8,8,3.0,5.0,2.0,
S01E,2023-09-01,9,2023,9,9,3.0,3.0,5.0,
S01E,2023-10-01,1,2023,10,10,9.0,3.0,3.0,
S01E,2023-11-01,0,2023,11,11,1.0,9.0,3.0,
S01E,2023-12-01,0,2023,12,12,0.0,1.0,9.0,
S01E,2024-01-01,1,2024,1,13,0.0,0.0,1.0,
S01E,2024-02-01,7,2024,2,14,1.0,0.0,0.0,0.0
S01E,2024-03-01,4,2024,3,15,7.0,1.0,0.0,0.0
S01E,2024-04-01,6,2024,4,16,4.0,7.0,1.0,0.0
S01E,2024-05-01,6,2024,5,17,6.0,4.0,7.0,2.0
S01E,2024-06-01,1,2024,6,18,6.0,6.0,4.0,5.0
S01E,2024-07-01,3,2024,7,19,1.0,6.0,6.0,3.0
S01E,2024-08-01,2,2024,8,20,3.0,1.0,6.0,3.0
S01E,2024-09-01,13,2024,9,21,2.0,3.0,1.0,9.0
S01E,2024-10-01,4,2024,10,22,13.0,2.0,3.0,1.0
S01E,2024-11-01,9,2024,11,23,4.0,13.0,2.0,0.0
S01E,2024-12-01,3,2024,12,24,9.0,4.0,13.0,0.0
S01E,2025-01-01,0,2025,1,25,3.0,9.0,4.0,1.0
